block_group,gender,count_gender
480291805031,sex_age_tot_f,242.0
480291805032,sex_age_tot_f,1136.0
480291704013,sex_age_tot_f,1013.0
480291704012,sex_age_tot_f,346.0
480291914061,sex_age_tot_f,1383.0
480291914092,sex_age_tot_f,1259.0
480291212042,sex_age_tot_f,806.0
480291215081,sex_age_tot_f,722.0
480291914051,sex_age_tot_f,1316.0
480291914052,sex_age_tot_f,1121.0
480291914053,sex_age_tot_f,982.0
480291914055,sex_age_tot_f,515.0
480291709001,sex_age_tot_f,990.0
480291709003,sex_age_tot_f,359.0
480291610002,sex_age_tot_f,1175.0
480291610001,sex_age_tot_f,1055.0
480291615015,sex_age_tot_f,642.0
480291615011,sex_age_tot_f,1738.0
480291615013,sex_age_tot_f,457.0
480291711001,sex_age_tot_f,874.0
480291620011,sex_age_tot_f,1229.0
480291701022,sex_age_tot_f,536.0
480291701021,sex_age_tot_f,616.0
480291807022,sex_age_tot_f,638.0
480291807023,sex_age_tot_f,160.0
480291807025,sex_age_tot_f,302.0
480291809012,sex_age_tot_f,737.0
480291809015,sex_age_tot_f,466.0
480291106003,sex_age_tot_f,314.0
480291108002,sex_age_tot_f,269.0
480291108001,sex_age_tot_f,319.0
480291208004,sex_age_tot_f,391.0
480291208006,sex_age_tot_f,554.0
480291208001,sex_age_tot_f,475.0
480291208002,sex_age_tot_f,520.0
480291208005,sex_age_tot_f,534.0
480291208007,sex_age_tot_f,314.0
480291208003,sex_age_tot_f,779.0
480291211113,sex_age_tot_f,847.0
480291211111,sex_age_tot_f,497.0
480291211112,sex_age_tot_f,834.0
480291211114,sex_age_tot_f,1155.0
480291211161,sex_age_tot_f,872.0
480291211164,sex_age_tot_f,858.0
480291211162,sex_age_tot_f,274.0
480291211181,sex_age_tot_f,761.0
480291211182,sex_age_tot_f,1015.0
480291212031,sex_age_tot_f,312.0
480291212032,sex_age_tot_f,716.0
480291212051,sex_age_tot_f,1777.0
480291817182,sex_age_tot_f,881.0
480291818111,sex_age_tot_f,1665.0
480291902003,sex_age_tot_f,610.0
480291902004,sex_age_tot_f,459.0
480291902001,sex_age_tot_f,296.0
480291802021,sex_age_tot_f,613.0
480291802023,sex_age_tot_f,666.0
480291805013,sex_age_tot_f,571.0
480291805012,sex_age_tot_f,257.0
480291805011,sex_age_tot_f,788.0
480291808002,sex_age_tot_f,605.0
480291808001,sex_age_tot_f,311.0
480291708002,sex_age_tot_f,409.0
480291106002,sex_age_tot_f,812.0
480291504001,sex_age_tot_f,224.0
480291504002,sex_age_tot_f,569.0
480291510001,sex_age_tot_f,556.0
480291521002,sex_age_tot_f,602.0
480291521001,sex_age_tot_f,573.0
480291607024,sex_age_tot_f,520.0
480291607023,sex_age_tot_f,644.0
480291616002,sex_age_tot_f,1371.0
480291616001,sex_age_tot_f,1108.0
480291216012,sex_age_tot_f,764.0
480291216013,sex_age_tot_f,729.0
480291216014,sex_age_tot_f,704.0
480291218021,sex_age_tot_f,954.0
480291218023,sex_age_tot_f,1940.0
480291303002,sex_age_tot_f,592.0
480291303001,sex_age_tot_f,225.0
480291307002,sex_age_tot_f,483.0
480291307001,sex_age_tot_f,1121.0
480291702004,sex_age_tot_f,426.0
480291702006,sex_age_tot_f,429.0
480291702002,sex_age_tot_f,423.0
480291702005,sex_age_tot_f,347.0
480291702001,sex_age_tot_f,282.0
480291316011,sex_age_tot_f,411.0
480291317001,sex_age_tot_f,537.0
480291412004,sex_age_tot_f,360.0
480291412001,sex_age_tot_f,883.0
480291412005,sex_age_tot_f,657.0
480291412002,sex_age_tot_f,592.0
480291501003,sex_age_tot_f,586.0
480291309002,sex_age_tot_f,584.0
480291309003,sex_age_tot_f,698.0
480291310003,sex_age_tot_f,513.0
480291310004,sex_age_tot_f,380.0
480291310001,sex_age_tot_f,1639.0
480291310002,sex_age_tot_f,462.0
480291405003,sex_age_tot_f,500.0
480291405002,sex_age_tot_f,789.0
480291405001,sex_age_tot_f,509.0
480291405004,sex_age_tot_f,403.0
480291406002,sex_age_tot_f,510.0
480291406001,sex_age_tot_f,971.0
480291407003,sex_age_tot_f,291.0
480291407001,sex_age_tot_f,525.0
480291407004,sex_age_tot_f,422.0
480291407005,sex_age_tot_f,508.0
480291413001,sex_age_tot_f,564.0
480291413003,sex_age_tot_f,1555.0
480291702003,sex_age_tot_f,765.0
480291806023,sex_age_tot_f,449.0
480291806021,sex_age_tot_f,266.0
480291911021,sex_age_tot_f,432.0
480291911022,sex_age_tot_f,552.0
480291911023,sex_age_tot_f,485.0
480291209012,sex_age_tot_f,541.0
480291209011,sex_age_tot_f,402.0
480291211122,sex_age_tot_f,682.0
480291519001,sex_age_tot_f,969.0
480291409002,sex_age_tot_f,538.0
480291417001,sex_age_tot_f,1577.0
480291417002,sex_age_tot_f,1395.0
480291505012,sex_age_tot_f,665.0
480291505014,sex_age_tot_f,528.0
480291604002,sex_age_tot_f,889.0
480291604004,sex_age_tot_f,385.0
480291604001,sex_age_tot_f,568.0
480291604003,sex_age_tot_f,685.0
480291611005,sex_age_tot_f,657.0
480291611006,sex_age_tot_f,247.0
480291611001,sex_age_tot_f,1542.0
480291611004,sex_age_tot_f,665.0
480291611003,sex_age_tot_f,469.0
480291611002,sex_age_tot_f,487.0
480291813012,sex_age_tot_f,671.0
480291813011,sex_age_tot_f,1696.0
480291814021,sex_age_tot_f,548.0
480291814022,sex_age_tot_f,825.0
480291109001,sex_age_tot_f,539.0
480291110003,sex_age_tot_f,553.0
480291110002,sex_age_tot_f,365.0
480291204001,sex_age_tot_f,573.0
480291204005,sex_age_tot_f,620.0
480291710004,sex_age_tot_f,844.0
480291204003,sex_age_tot_f,481.0
480291207021,sex_age_tot_f,1430.0
480291704014,sex_age_tot_f,447.0
480291710001,sex_age_tot_f,522.0
480291710002,sex_age_tot_f,354.0
480291717001,sex_age_tot_f,1269.0
480291717003,sex_age_tot_f,428.0
480291215013,sex_age_tot_f,1589.0
480291215011,sex_age_tot_f,1117.0
480291215074,sex_age_tot_f,749.0
480291215071,sex_age_tot_f,618.0
480291215072,sex_age_tot_f,768.0
480291312002,sex_age_tot_f,586.0
480291401002,sex_age_tot_f,346.0
480291401001,sex_age_tot_f,277.0
480291404004,sex_age_tot_f,456.0
480291101002,sex_age_tot_f,353.0
480291209022,sex_age_tot_f,987.0
480291209021,sex_age_tot_f,841.0
480291214033,sex_age_tot_f,824.0
480291214031,sex_age_tot_f,1473.0
480291216042,sex_age_tot_f,738.0
480291216043,sex_age_tot_f,434.0
480291306004,sex_age_tot_f,696.0
480291207022,sex_age_tot_f,595.0
480291213003,sex_age_tot_f,409.0
480291213001,sex_age_tot_f,1450.0
480291703004,sex_age_tot_f,300.0
480291703002,sex_age_tot_f,131.0
480291703006,sex_age_tot_f,399.0
480291703005,sex_age_tot_f,613.0
480291703003,sex_age_tot_f,546.0
480291704024,sex_age_tot_f,295.0
480291704021,sex_age_tot_f,1119.0
480291706001,sex_age_tot_f,667.0
480291706004,sex_age_tot_f,446.0
480291706003,sex_age_tot_f,492.0
480291707003,sex_age_tot_f,1426.0
480291707002,sex_age_tot_f,560.0
480291212044,sex_age_tot_f,668.0
480291212043,sex_age_tot_f,592.0
480291404001,sex_age_tot_f,496.0
480291404002,sex_age_tot_f,557.0
480291504003,sex_age_tot_f,1570.0
480291215052,sex_age_tot_f,384.0
480291403002,sex_age_tot_f,644.0
480291403003,sex_age_tot_f,659.0
480291520001,sex_age_tot_f,1336.0
480291701011,sex_age_tot_f,421.0
480291701012,sex_age_tot_f,710.0
480291718022,sex_age_tot_f,534.0
480291718025,sex_age_tot_f,353.0
480291718023,sex_age_tot_f,803.0
480291408004,sex_age_tot_f,487.0
480291408001,sex_age_tot_f,692.0
480291408005,sex_age_tot_f,665.0
480291408003,sex_age_tot_f,252.0
480291408002,sex_age_tot_f,647.0
480291505023,sex_age_tot_f,439.0
480291505022,sex_age_tot_f,595.0
480291505021,sex_age_tot_f,575.0
480291507006,sex_age_tot_f,215.0
480291507001,sex_age_tot_f,440.0
480291507003,sex_age_tot_f,680.0
480291601004,sex_age_tot_f,1125.0
480291601003,sex_age_tot_f,869.0
480291601001,sex_age_tot_f,593.0
480291813023,sex_age_tot_f,1082.0
480291809021,sex_age_tot_f,510.0
480291809023,sex_age_tot_f,862.0
480291809022,sex_age_tot_f,843.0
480291809025,sex_age_tot_f,1216.0
480291810031,sex_age_tot_f,932.0
480291810051,sex_age_tot_f,797.0
480291810052,sex_age_tot_f,289.0
480291815061,sex_age_tot_f,248.0
480291815062,sex_age_tot_f,806.0
480291817151,sex_age_tot_f,465.0
480291203002,sex_age_tot_f,328.0
480291203003,sex_age_tot_f,774.0
480291203005,sex_age_tot_f,511.0
480291205013,sex_age_tot_f,766.0
480291205015,sex_age_tot_f,707.0
480291205012,sex_age_tot_f,804.0
480291205014,sex_age_tot_f,693.0
480291211152,sex_age_tot_f,1451.0
480291211153,sex_age_tot_f,744.0
480291211172,sex_age_tot_f,672.0
480291211171,sex_age_tot_f,806.0
480291720021,sex_age_tot_f,2626.0
480291817031,sex_age_tot_f,1424.0
480291817032,sex_age_tot_f,1427.0
480291803003,sex_age_tot_f,696.0
480291803001,sex_age_tot_f,500.0
480291803002,sex_age_tot_f,734.0
480291817161,sex_age_tot_f,1465.0
480291910034,sex_age_tot_f,474.0
480291910035,sex_age_tot_f,447.0
480291910033,sex_age_tot_f,642.0
480291910031,sex_age_tot_f,755.0
480291910032,sex_age_tot_f,2070.0
480291214041,sex_age_tot_f,894.0
480291214042,sex_age_tot_f,1079.0
480291214043,sex_age_tot_f,836.0
480291313001,sex_age_tot_f,637.0
480291313004,sex_age_tot_f,526.0
480291316061,sex_age_tot_f,1245.0
480291103003,sex_age_tot_f,170.0
480291103002,sex_age_tot_f,489.0
480291201001,sex_age_tot_f,2505.0
480291206002,sex_age_tot_f,411.0
480291206003,sex_age_tot_f,309.0
480291206006,sex_age_tot_f,252.0
480291206005,sex_age_tot_f,337.0
480291517003,sex_age_tot_f,1022.0
480291517002,sex_age_tot_f,848.0
480291517001,sex_age_tot_f,1042.0
480291607013,sex_age_tot_f,424.0
480291306001,sex_age_tot_f,368.0
480291306003,sex_age_tot_f,399.0
480291306002,sex_age_tot_f,504.0
480291402003,sex_age_tot_f,319.0
480291402002,sex_age_tot_f,377.0
480291402001,sex_age_tot_f,338.0
480291402004,sex_age_tot_f,355.0
480291309001,sex_age_tot_f,1469.0
480291717004,sex_age_tot_f,1398.0
480291719035,sex_age_tot_f,848.0
480291717006,sex_age_tot_f,687.0
480291719032,sex_age_tot_f,428.0
480291719034,sex_age_tot_f,745.0
480291509002,sex_age_tot_f,508.0
480291509001,sex_age_tot_f,857.0
480291509005,sex_age_tot_f,805.0
480291705003,sex_age_tot_f,677.0
480291705004,sex_age_tot_f,433.0
480291705002,sex_age_tot_f,625.0
480291805042,sex_age_tot_f,1560.0
480291205025,sex_age_tot_f,535.0
480291205023,sex_age_tot_f,214.0
480291205026,sex_age_tot_f,493.0
480291205024,sex_age_tot_f,396.0
480291207012,sex_age_tot_f,859.0
480291207011,sex_age_tot_f,676.0
480291302002,sex_age_tot_f,390.0
480291410003,sex_age_tot_f,918.0
480291410002,sex_age_tot_f,586.0
480291516001,sex_age_tot_f,751.0
480291516004,sex_age_tot_f,844.0
480291516002,sex_age_tot_f,405.0
480291817051,sex_age_tot_f,1127.0
480291817052,sex_age_tot_f,881.0
480291512002,sex_age_tot_f,1580.0
480291606001,sex_age_tot_f,609.0
480291606003,sex_age_tot_f,1440.0
480291419003,sex_age_tot_f,713.0
480291419002,sex_age_tot_f,827.0
480291515003,sex_age_tot_f,503.0
480291515002,sex_age_tot_f,446.0
480291603003,sex_age_tot_f,385.0
480291603002,sex_age_tot_f,582.0
480291603005,sex_age_tot_f,810.0
480291612001,sex_age_tot_f,350.0
480291612002,sex_age_tot_f,1182.0
480291804003,sex_age_tot_f,357.0
480291804001,sex_age_tot_f,916.0
480291807012,sex_age_tot_f,1394.0
480291811004,sex_age_tot_f,358.0
480291811002,sex_age_tot_f,489.0
480291811003,sex_age_tot_f,1620.0
480291909015,sex_age_tot_f,501.0
480291909013,sex_age_tot_f,231.0
480291809014,sex_age_tot_f,460.0
480291813031,sex_age_tot_f,942.0
480291815041,sex_age_tot_f,1256.0
480291815042,sex_age_tot_f,1326.0
480291816012,sex_age_tot_f,1178.0
480291906011,sex_age_tot_f,869.0
480291818091,sex_age_tot_f,571.0
480291818092,sex_age_tot_f,1114.0
480291818094,sex_age_tot_f,853.0
480291906013,sex_age_tot_f,424.0
480291910041,sex_age_tot_f,977.0
480291910043,sex_age_tot_f,384.0
480291813022,sex_age_tot_f,1163.0
480291212063,sex_age_tot_f,429.0
480291212061,sex_age_tot_f,485.0
480291212065,sex_age_tot_f,1192.0
480291212062,sex_age_tot_f,610.0
480291214022,sex_age_tot_f,601.0
480291214021,sex_age_tot_f,3117.0
480291218031,sex_age_tot_f,800.0
480291218032,sex_age_tot_f,364.0
480291218033,sex_age_tot_f,1230.0
480291218041,sex_age_tot_f,1100.0
480291218042,sex_age_tot_f,1548.0
480291218043,sex_age_tot_f,916.0
480291308001,sex_age_tot_f,1699.0
480291308004,sex_age_tot_f,732.0
480291308002,sex_age_tot_f,458.0
480291308003,sex_age_tot_f,269.0
480291311003,sex_age_tot_f,433.0
480291311002,sex_age_tot_f,473.0
480291602002,sex_age_tot_f,611.0
480291817134,sex_age_tot_f,861.0
480291817132,sex_age_tot_f,890.0
480291817133,sex_age_tot_f,876.0
480291815054,sex_age_tot_f,782.0
480291815053,sex_age_tot_f,503.0
480291815051,sex_age_tot_f,471.0
480291817042,sex_age_tot_f,828.0
480291817044,sex_age_tot_f,624.0
480291817111,sex_age_tot_f,1805.0
480291907002,sex_age_tot_f,231.0
480291907003,sex_age_tot_f,665.0
480291607011,sex_age_tot_f,823.0
480291607012,sex_age_tot_f,800.0
480291718011,sex_age_tot_f,620.0
480291718013,sex_age_tot_f,631.0
480291718014,sex_age_tot_f,470.0
480291718012,sex_age_tot_f,1086.0
480291802013,sex_age_tot_f,895.0
480291802012,sex_age_tot_f,433.0
480291802014,sex_age_tot_f,539.0
480291802011,sex_age_tot_f,377.0
480291812001,sex_age_tot_f,331.0
480291812004,sex_age_tot_f,571.0
480291812002,sex_age_tot_f,375.0
480291812005,sex_age_tot_f,626.0
480291514004,sex_age_tot_f,368.0
480291511003,sex_age_tot_f,404.0
480291511001,sex_age_tot_f,434.0
480291514001,sex_age_tot_f,417.0
480291514002,sex_age_tot_f,694.0
480291905012,sex_age_tot_f,800.0
480291905013,sex_age_tot_f,569.0
480291905011,sex_age_tot_f,427.0
480291908001,sex_age_tot_f,439.0
480291908002,sex_age_tot_f,582.0
480291909011,sex_age_tot_f,747.0
480291909012,sex_age_tot_f,1397.0
480291909021,sex_age_tot_f,922.0
480291909023,sex_age_tot_f,270.0
480291810012,sex_age_tot_f,1042.0
480291810042,sex_age_tot_f,1302.0
480291810041,sex_age_tot_f,1294.0
480291901004,sex_age_tot_f,494.0
480291901003,sex_age_tot_f,569.0
480291901002,sex_age_tot_f,444.0
480291719021,sex_age_tot_f,1071.0
480291311001,sex_age_tot_f,375.0
480291203008,sex_age_tot_f,303.0
480291203007,sex_age_tot_f,350.0
480291501001,sex_age_tot_f,552.0
480291501004,sex_age_tot_f,673.0
480291506004,sex_age_tot_f,618.0
480291506003,sex_age_tot_f,480.0
480291511007,sex_age_tot_f,561.0
480291511005,sex_age_tot_f,491.0
480291511004,sex_age_tot_f,762.0
480291918042,sex_age_tot_f,1411.0
480291918041,sex_age_tot_f,868.0
480291210004,sex_age_tot_f,579.0
480291210003,sex_age_tot_f,1662.0
480291210005,sex_age_tot_f,753.0
480291210006,sex_age_tot_f,691.0
480291211102,sex_age_tot_f,809.0
480291215062,sex_age_tot_f,394.0
480291215061,sex_age_tot_f,613.0
480291305001,sex_age_tot_f,309.0
480291305003,sex_age_tot_f,1218.0
480291305002,sex_age_tot_f,373.0
480291305004,sex_age_tot_f,582.0
480291904003,sex_age_tot_f,373.0
480291211081,sex_age_tot_f,744.0
480291211083,sex_age_tot_f,988.0
480291211084,sex_age_tot_f,433.0
480291207015,sex_age_tot_f,619.0
480291215042,sex_age_tot_f,295.0
480291215041,sex_age_tot_f,649.0
480291503001,sex_age_tot_f,556.0
480291503004,sex_age_tot_f,707.0
480291503003,sex_age_tot_f,487.0
480291602003,sex_age_tot_f,505.0
480291508002,sex_age_tot_f,403.0
480291508003,sex_age_tot_f,348.0
480291712003,sex_age_tot_f,904.0
480291418001,sex_age_tot_f,533.0
480291418002,sex_age_tot_f,318.0
480291512005,sex_age_tot_f,1927.0
480291512003,sex_age_tot_f,491.0
480291512001,sex_age_tot_f,557.0
480291107001,sex_age_tot_f,468.0
480291904001,sex_age_tot_f,259.0
480291719121,sex_age_tot_f,2839.0
480291817122,sex_age_tot_f,770.0
480291816023,sex_age_tot_f,738.0
480291816021,sex_age_tot_f,385.0
480291818081,sex_age_tot_f,895.0
480291821021,sex_age_tot_f,649.0
480291911011,sex_age_tot_f,444.0
480291911012,sex_age_tot_f,472.0
480291219082,sex_age_tot_f,1040.0
480291219091,sex_age_tot_f,1601.0
480291219092,sex_age_tot_f,2521.0
480291219101,sex_age_tot_f,2973.0
480291219102,sex_age_tot_f,552.0
480291304011,sex_age_tot_f,339.0
480291304012,sex_age_tot_f,473.0
480291304013,sex_age_tot_f,627.0
480291304014,sex_age_tot_f,371.0
480291304021,sex_age_tot_f,619.0
480291304022,sex_age_tot_f,956.0
480291304023,sex_age_tot_f,636.0
480291314011,sex_age_tot_f,3343.0
480291314012,sex_age_tot_f,1991.0
480291314021,sex_age_tot_f,328.0
480291719182,sex_age_tot_f,506.0
480291719184,sex_age_tot_f,944.0
480291719191,sex_age_tot_f,2490.0
480291719202,sex_age_tot_f,2915.0
480291719211,sex_age_tot_f,1391.0
480291719213,sex_age_tot_f,618.0
480291719221,sex_age_tot_f,2021.0
480291719232,sex_age_tot_f,850.0
480291719233,sex_age_tot_f,1303.0
480291719241,sex_age_tot_f,2418.0
480291720022,sex_age_tot_f,3264.0
480291719242,sex_age_tot_f,1228.0
480291719252,sex_age_tot_f,1085.0
480291719254,sex_age_tot_f,1539.0
480291720031,sex_age_tot_f,1838.0
480291720032,sex_age_tot_f,1559.0
480291720051,sex_age_tot_f,2673.0
480291720052,sex_age_tot_f,3537.0
480291720062,sex_age_tot_f,1218.0
480291720063,sex_age_tot_f,1061.0
480291720072,sex_age_tot_f,1114.0
480291720073,sex_age_tot_f,2381.0
480291801012,sex_age_tot_f,757.0
480291315031,sex_age_tot_f,465.0
480291315032,sex_age_tot_f,505.0
480291315041,sex_age_tot_f,876.0
480291315042,sex_age_tot_f,682.0
480291315051,sex_age_tot_f,1189.0
480291315052,sex_age_tot_f,1566.0
480291315062,sex_age_tot_f,1337.0
480291316081,sex_age_tot_f,1376.0
480291315071,sex_age_tot_f,1458.0
480291315073,sex_age_tot_f,1329.0
480291316012,sex_age_tot_f,1960.0
480291316082,sex_age_tot_f,1747.0
480291316092,sex_age_tot_f,1081.0
480291316093,sex_age_tot_f,1719.0
480291316102,sex_age_tot_f,1340.0
480291316111,sex_age_tot_f,524.0
480291316131,sex_age_tot_f,862.0
480291316132,sex_age_tot_f,1431.0
480291316142,sex_age_tot_f,220.0
480291316151,sex_age_tot_f,1712.0
480291316153,sex_age_tot_f,902.0
480291316154,sex_age_tot_f,864.0
480291318012,sex_age_tot_f,324.0
480291318021,sex_age_tot_f,980.0
480291318023,sex_age_tot_f,1080.0
480291411011,sex_age_tot_f,604.0
480291411013,sex_age_tot_f,796.0
480291411021,sex_age_tot_f,552.0
480291411023,sex_age_tot_f,901.0
480291414022,sex_age_tot_f,835.0
480291414032,sex_age_tot_f,1263.0
480291414041,sex_age_tot_f,1290.0
480291414043,sex_age_tot_f,616.0
480291416002,sex_age_tot_f,1017.0
480291513011,sex_age_tot_f,417.0
480291513012,sex_age_tot_f,561.0
480291513013,sex_age_tot_f,668.0
480291513014,sex_age_tot_f,1317.0
480291513021,sex_age_tot_f,983.0
480291513022,sex_age_tot_f,819.0
480291521003,sex_age_tot_f,371.0
480291521004,sex_age_tot_f,806.0
480291522011,sex_age_tot_f,1558.0
480291522012,sex_age_tot_f,1429.0
480291522013,sex_age_tot_f,755.0
480291522021,sex_age_tot_f,1770.0
480291605011,sex_age_tot_f,1236.0
480291605012,sex_age_tot_f,450.0
480291605021,sex_age_tot_f,272.0
480291609013,sex_age_tot_f,543.0
480291605022,sex_age_tot_f,645.0
480291605024,sex_age_tot_f,725.0
480291609011,sex_age_tot_f,494.0
480291609021,sex_age_tot_f,1124.0
480291609023,sex_age_tot_f,778.0
480291613022,sex_age_tot_f,1099.0
480291613032,sex_age_tot_f,1285.0
480291613041,sex_age_tot_f,969.0
480291614001,sex_age_tot_f,2179.0
480291615031,sex_age_tot_f,1216.0
480291615033,sex_age_tot_f,675.0
480291615041,sex_age_tot_f,786.0
480291618011,sex_age_tot_f,1583.0
480291618012,sex_age_tot_f,434.0
480291618022,sex_age_tot_f,2081.0
480291619011,sex_age_tot_f,507.0
480291619022,sex_age_tot_f,1815.0
480291619023,sex_age_tot_f,1401.0
480291620032,sex_age_tot_f,796.0
480291620033,sex_age_tot_f,728.0
480291620042,sex_age_tot_f,1117.0
480291713011,sex_age_tot_f,432.0
480291713021,sex_age_tot_f,1189.0
480291713022,sex_age_tot_f,492.0
480291716011,sex_age_tot_f,975.0
480291716013,sex_age_tot_f,658.0
480291716021,sex_age_tot_f,1451.0
480291719022,sex_age_tot_f,2457.0
480291719023,sex_age_tot_f,4296.0
480291719131,sex_age_tot_f,2247.0
480291719132,sex_age_tot_f,874.0
480291719142,sex_age_tot_f,1135.0
480291719143,sex_age_tot_f,1004.0
480291719161,sex_age_tot_f,1992.0
480291719162,sex_age_tot_f,1051.0
480291719171,sex_age_tot_f,2034.0
480291719172,sex_age_tot_f,2687.0
480291215053,sex_age_tot_f,1076.0
480291216051,sex_age_tot_f,739.0
480291216052,sex_age_tot_f,373.0
480291216062,sex_age_tot_f,1282.0
480291216063,sex_age_tot_f,531.0
480291217011,sex_age_tot_f,822.0
480291217012,sex_age_tot_f,435.0
480291217014,sex_age_tot_f,660.0
480291217021,sex_age_tot_f,1766.0
480291217023,sex_age_tot_f,1477.0
480291218081,sex_age_tot_f,372.0
480291218091,sex_age_tot_f,522.0
480291218092,sex_age_tot_f,1141.0
480291218101,sex_age_tot_f,1928.0
480291218102,sex_age_tot_f,804.0
480291218112,sex_age_tot_f,660.0
480291218121,sex_age_tot_f,2180.0
480291219032,sex_age_tot_f,1716.0
480291218123,sex_age_tot_f,296.0
480291218124,sex_age_tot_f,389.0
480291219031,sex_age_tot_f,1271.0
480291219042,sex_age_tot_f,1105.0
480291219051,sex_age_tot_f,966.0
480291219061,sex_age_tot_f,1440.0
480291219062,sex_age_tot_f,1204.0
480291219072,sex_age_tot_f,5400.0
480291219081,sex_age_tot_f,883.0
480291209024,sex_age_tot_f,952.0
480291211103,sex_age_tot_f,726.0
480291211183,sex_age_tot_f,850.0
480291211192,sex_age_tot_f,1845.0
480291211193,sex_age_tot_f,900.0
480291211202,sex_age_tot_f,1065.0
480291211211,sex_age_tot_f,866.0
480291211212,sex_age_tot_f,614.0
480291211221,sex_age_tot_f,848.0
480291211222,sex_age_tot_f,821.0
480291211223,sex_age_tot_f,1312.0
480291215014,sex_age_tot_f,1039.0
480291713023,sex_age_tot_f,502.0
480291713024,sex_age_tot_f,532.0
480291714012,sex_age_tot_f,1387.0
480291714021,sex_age_tot_f,1631.0
480291714023,sex_age_tot_f,1254.0
480291715011,sex_age_tot_f,433.0
480291715021,sex_age_tot_f,770.0
480291715022,sex_age_tot_f,355.0
480291715024,sex_age_tot_f,706.0
480291914121,sex_age_tot_f,1215.0
480291914131,sex_age_tot_f,1766.0
480291914132,sex_age_tot_f,1762.0
480291915031,sex_age_tot_f,1366.0
480291915032,sex_age_tot_f,864.0
480291915033,sex_age_tot_f,607.0
480291915041,sex_age_tot_f,603.0
480291915042,sex_age_tot_f,691.0
480291915051,sex_age_tot_f,539.0
480291915052,sex_age_tot_f,680.0
480291915061,sex_age_tot_f,993.0
480291915062,sex_age_tot_f,1455.0
480291915063,sex_age_tot_f,798.0
480291917012,sex_age_tot_f,383.0
480291917021,sex_age_tot_f,1849.0
480291917023,sex_age_tot_f,554.0
480291917024,sex_age_tot_f,532.0
480291918061,sex_age_tot_f,521.0
480291918062,sex_age_tot_f,800.0
480291918071,sex_age_tot_f,1944.0
480291918072,sex_age_tot_f,1197.0
480291918082,sex_age_tot_f,800.0
480291918091,sex_age_tot_f,2737.0
480291918101,sex_age_tot_f,1401.0
480291918102,sex_age_tot_f,1111.0
480291918121,sex_age_tot_f,1390.0
480291918122,sex_age_tot_f,771.0
480291918132,sex_age_tot_f,1175.0
480291821062,sex_age_tot_f,2156.0
480291905031,sex_age_tot_f,533.0
480291905033,sex_age_tot_f,973.0
480291905041,sex_age_tot_f,738.0
480291906031,sex_age_tot_f,773.0
480291906032,sex_age_tot_f,785.0
480291906042,sex_age_tot_f,590.0
480291906043,sex_age_tot_f,780.0
480291910052,sex_age_tot_f,593.0
480291910061,sex_age_tot_f,489.0
480291910063,sex_age_tot_f,1002.0
480291801014,sex_age_tot_f,291.0
480291801015,sex_age_tot_f,383.0
480291801021,sex_age_tot_f,389.0
480291806044,sex_age_tot_f,345.0
480291801022,sex_age_tot_f,519.0
480291806041,sex_age_tot_f,1029.0
480291806042,sex_age_tot_f,1222.0
480291806045,sex_age_tot_f,407.0
480291810033,sex_age_tot_f,1689.0
480291813032,sex_age_tot_f,1112.0
480291814032,sex_age_tot_f,993.0
480291814033,sex_age_tot_f,944.0
480291814042,sex_age_tot_f,840.0
480291815032,sex_age_tot_f,2633.0
480291817112,sex_age_tot_f,1003.0
480291817113,sex_age_tot_f,1896.0
480291817153,sex_age_tot_f,1200.0
480291817162,sex_age_tot_f,812.0
480291817163,sex_age_tot_f,1271.0
480291817164,sex_age_tot_f,674.0
480291817183,sex_age_tot_f,1051.0
480291817201,sex_age_tot_f,2311.0
480291817202,sex_age_tot_f,325.0
480291817211,sex_age_tot_f,1214.0
480291817212,sex_age_tot_f,829.0
480291817231,sex_age_tot_f,913.0
480291817221,sex_age_tot_f,1045.0
480291817222,sex_age_tot_f,791.0
480291817223,sex_age_tot_f,886.0
480291817232,sex_age_tot_f,523.0
480291817233,sex_age_tot_f,1275.0
480291817241,sex_age_tot_f,1609.0
480291817242,sex_age_tot_f,1231.0
480291817251,sex_age_tot_f,1406.0
480291817261,sex_age_tot_f,1395.0
480291817262,sex_age_tot_f,2183.0
480291817271,sex_age_tot_f,1854.0
480291817272,sex_age_tot_f,414.0
480291817282,sex_age_tot_f,2891.0
480291817291,sex_age_tot_f,5245.0
480291817302,sex_age_tot_f,1530.0
480291817311,sex_age_tot_f,687.0
480291817313,sex_age_tot_f,1245.0
480291817314,sex_age_tot_f,985.0
480291818131,sex_age_tot_f,1122.0
480291818133,sex_age_tot_f,1806.0
480291818141,sex_age_tot_f,1766.0
480291818151,sex_age_tot_f,704.0
480291818152,sex_age_tot_f,1069.0
480291818162,sex_age_tot_f,1647.0
480291818171,sex_age_tot_f,1069.0
480291818181,sex_age_tot_f,1192.0
480291818182,sex_age_tot_f,910.0
480291818191,sex_age_tot_f,361.0
480291818192,sex_age_tot_f,3182.0
480291818202,sex_age_tot_f,1999.0
480291818211,sex_age_tot_f,492.0
480291818221,sex_age_tot_f,824.0
480291818222,sex_age_tot_f,853.0
480291818231,sex_age_tot_f,1781.0
480291818241,sex_age_tot_f,697.0
480291912012,sex_age_tot_f,794.0
480291910064,sex_age_tot_f,627.0
480291912011,sex_age_tot_f,632.0
480291912021,sex_age_tot_f,738.0
480291912022,sex_age_tot_f,735.0
480291912023,sex_age_tot_f,388.0
480291912024,sex_age_tot_f,807.0
480291913031,sex_age_tot_f,875.0
480291913041,sex_age_tot_f,405.0
480291913042,sex_age_tot_f,742.0
480291914062,sex_age_tot_f,1287.0
480291914063,sex_age_tot_f,1124.0
480291914082,sex_age_tot_f,433.0
480291914101,sex_age_tot_f,622.0
480291914102,sex_age_tot_f,1058.0
480291914103,sex_age_tot_f,654.0
480291914111,sex_age_tot_f,1112.0
480291914112,sex_age_tot_f,1346.0
480291818242,sex_age_tot_f,1109.0
480291818251,sex_age_tot_f,809.0
480291818252,sex_age_tot_f,1521.0
480291818261,sex_age_tot_f,1015.0
480291818262,sex_age_tot_f,1631.0
480291818263,sex_age_tot_f,949.0
480291818264,sex_age_tot_f,873.0
480291819011,sex_age_tot_f,1505.0
480291819012,sex_age_tot_f,1204.0
480291819021,sex_age_tot_f,2988.0
480291819022,sex_age_tot_f,1281.0
480291820011,sex_age_tot_f,1247.0
480291820012,sex_age_tot_f,1718.0
480291820021,sex_age_tot_f,2768.0
480291820023,sex_age_tot_f,1562.0
480291820032,sex_age_tot_f,776.0
480291821012,sex_age_tot_f,1079.0
480291821022,sex_age_tot_f,1114.0
480291821023,sex_age_tot_f,2166.0
480291821061,sex_age_tot_f,1591.0
480291918142,sex_age_tot_f,1185.0
480291918151,sex_age_tot_f,1623.0
480291918161,sex_age_tot_f,1025.0
480291918162,sex_age_tot_f,572.0
480291918172,sex_age_tot_f,2075.0
480291919001,sex_age_tot_f,531.0
480291919003,sex_age_tot_f,431.0
480291919004,sex_age_tot_f,442.0
480291920001,sex_age_tot_f,1272.0
480291920002,sex_age_tot_f,373.0
480291920004,sex_age_tot_f,240.0
480291920005,sex_age_tot_f,123.0
480291921002,sex_age_tot_f,552.0
480291922001,sex_age_tot_f,579.0
480291923001,sex_age_tot_f,452.0
480291923002,sex_age_tot_f,1143.0
480291923003,sex_age_tot_f,573.0
480291923004,sex_age_tot_f,515.0
480299800011,sex_age_tot_f,0.0
480299800021,sex_age_tot_f,0.0
480299800031,sex_age_tot_f,375.0
480299800041,sex_age_tot_f,0.0
480299800051,sex_age_tot_f,0.0
480299801001,sex_age_tot_f,192.0
480291805033,sex_age_tot_f,1291.0
480291704011,sex_age_tot_f,590.0
480291914081,sex_age_tot_f,917.0
480291914091,sex_age_tot_f,2197.0
480291412006,sex_age_tot_f,646.0
480291412003,sex_age_tot_f,561.0
480291501002,sex_age_tot_f,1025.0
480291407002,sex_age_tot_f,511.0
480291413002,sex_age_tot_f,1479.0
480291414021,sex_age_tot_f,1640.0
480291806022,sex_age_tot_f,1360.0
480291101003,sex_age_tot_f,445.0
480291211121,sex_age_tot_f,1207.0
480291519002,sex_age_tot_f,2615.0
480291409001,sex_age_tot_f,513.0
480291505011,sex_age_tot_f,457.0
480291505013,sex_age_tot_f,551.0
480291110001,sex_age_tot_f,481.0
480291204002,sex_age_tot_f,391.0
480291204006,sex_age_tot_f,476.0
480291204004,sex_age_tot_f,526.0
480291710005,sex_age_tot_f,326.0
480291710003,sex_age_tot_f,958.0
480291717005,sex_age_tot_f,533.0
480291213004,sex_age_tot_f,830.0
480291215012,sex_age_tot_f,1296.0
480291215073,sex_age_tot_f,458.0
480291312001,sex_age_tot_f,1003.0
480291404003,sex_age_tot_f,649.0
480291101001,sex_age_tot_f,281.0
480291209023,sex_age_tot_f,937.0
480291214032,sex_age_tot_f,817.0
480291216041,sex_age_tot_f,2041.0
480291216044,sex_age_tot_f,1165.0
480291207023,sex_age_tot_f,695.0
480291213002,sex_age_tot_f,659.0
480291703001,sex_age_tot_f,1011.0
480291704022,sex_age_tot_f,543.0
480291704023,sex_age_tot_f,475.0
480291706002,sex_age_tot_f,683.0
480291707001,sex_age_tot_f,717.0
480291212041,sex_age_tot_f,962.0
480291212045,sex_age_tot_f,839.0
480291416001,sex_age_tot_f,1295.0
480291215051,sex_age_tot_f,1433.0
480291403001,sex_age_tot_f,554.0
480291701013,sex_age_tot_f,734.0
480291718021,sex_age_tot_f,458.0
480291718024,sex_age_tot_f,838.0
480291507005,sex_age_tot_f,613.0
480291507002,sex_age_tot_f,1010.0
480291507004,sex_age_tot_f,610.0
480291601002,sex_age_tot_f,1063.0
480291813021,sex_age_tot_f,1037.0
480291815063,sex_age_tot_f,1279.0
480291809024,sex_age_tot_f,941.0
480291810032,sex_age_tot_f,642.0
480291810053,sex_age_tot_f,587.0
480291817152,sex_age_tot_f,805.0
480291203001,sex_age_tot_f,873.0
480291205011,sex_age_tot_f,223.0
480291205016,sex_age_tot_f,695.0
480291205017,sex_age_tot_f,665.0
480291211151,sex_age_tot_f,683.0
480291211173,sex_age_tot_f,884.0
480291815031,sex_age_tot_f,1483.0
480291215082,sex_age_tot_f,1038.0
480291914054,sex_age_tot_f,650.0
480291709002,sex_age_tot_f,1025.0
480291615012,sex_age_tot_f,455.0
480291615014,sex_age_tot_f,699.0
480291701023,sex_age_tot_f,616.0
480291711002,sex_age_tot_f,962.0
480291807024,sex_age_tot_f,529.0
480291807021,sex_age_tot_f,1071.0
480291809013,sex_age_tot_f,524.0
480291108003,sex_age_tot_f,296.0
480291211163,sex_age_tot_f,671.0
480291212034,sex_age_tot_f,683.0
480291212033,sex_age_tot_f,448.0
480291817181,sex_age_tot_f,1217.0
480291902005,sex_age_tot_f,449.0
480291902002,sex_age_tot_f,278.0
480291802024,sex_age_tot_f,473.0
480291802022,sex_age_tot_f,944.0
480291805014,sex_age_tot_f,511.0
480291808003,sex_age_tot_f,244.0
480291708001,sex_age_tot_f,332.0
480291106001,sex_age_tot_f,345.0
480291510002,sex_age_tot_f,555.0
480291510003,sex_age_tot_f,616.0
480291607021,sex_age_tot_f,552.0
480291607022,sex_age_tot_f,1241.0
480291215083,sex_age_tot_f,580.0
480291216011,sex_age_tot_f,689.0
480291218022,sex_age_tot_f,1176.0
480291303004,sex_age_tot_f,667.0
480291303003,sex_age_tot_f,265.0
480291909014,sex_age_tot_f,367.0
480291809011,sex_age_tot_f,524.0
480291815043,sex_age_tot_f,222.0
480291816011,sex_age_tot_f,461.0
480291818093,sex_age_tot_f,740.0
480291821011,sex_age_tot_f,2129.0
480291906012,sex_age_tot_f,850.0
480291910042,sex_age_tot_f,1145.0
480291212052,sex_age_tot_f,533.0
480291212064,sex_age_tot_f,444.0
480291212066,sex_age_tot_f,992.0
480291602001,sex_age_tot_f,543.0
480291817131,sex_age_tot_f,1005.0
480291815052,sex_age_tot_f,668.0
480291817041,sex_age_tot_f,910.0
480291817043,sex_age_tot_f,1079.0
480291907001,sex_age_tot_f,426.0
480291812003,sex_age_tot_f,492.0
480291511006,sex_age_tot_f,174.0
480291514003,sex_age_tot_f,714.0
480291909022,sex_age_tot_f,799.0
480291810011,sex_age_tot_f,1023.0
480291821031,sex_age_tot_f,1650.0
480291901001,sex_age_tot_f,327.0
480291817033,sex_age_tot_f,1419.0
480291803004,sex_age_tot_f,630.0
480291313003,sex_age_tot_f,1154.0
480291313002,sex_age_tot_f,947.0
480291103001,sex_age_tot_f,862.0
480291206007,sex_age_tot_f,330.0
480291206004,sex_age_tot_f,558.0
480291206001,sex_age_tot_f,451.0
480291517005,sex_age_tot_f,629.0
480291517004,sex_age_tot_f,396.0
480291719031,sex_age_tot_f,863.0
480291717002,sex_age_tot_f,619.0
480291719033,sex_age_tot_f,809.0
480291509004,sex_age_tot_f,373.0
480291509003,sex_age_tot_f,1064.0
480291705001,sex_age_tot_f,863.0
480291805041,sex_age_tot_f,825.0
480291205022,sex_age_tot_f,344.0
480291205021,sex_age_tot_f,851.0
480291207014,sex_age_tot_f,554.0
480291302001,sex_age_tot_f,552.0
480291410001,sex_age_tot_f,256.0
480291516005,sex_age_tot_f,418.0
480291516003,sex_age_tot_f,1279.0
480291817053,sex_age_tot_f,1201.0
480291606002,sex_age_tot_f,733.0
480291419001,sex_age_tot_f,1005.0
480291515001,sex_age_tot_f,351.0
480291603001,sex_age_tot_f,360.0
480291603004,sex_age_tot_f,577.0
480291613021,sex_age_tot_f,1929.0
480291804002,sex_age_tot_f,1189.0
480291807011,sex_age_tot_f,632.0
480291811001,sex_age_tot_f,935.0
480291211082,sex_age_tot_f,878.0
480291203004,sex_age_tot_f,609.0
480291203006,sex_age_tot_f,526.0
480291506002,sex_age_tot_f,610.0
480291506001,sex_age_tot_f,724.0
480291511002,sex_age_tot_f,570.0
480291105001,sex_age_tot_f,1431.0
480291210002,sex_age_tot_f,335.0
480291210001,sex_age_tot_f,326.0
480291211101,sex_age_tot_f,1030.0
480291215063,sex_age_tot_f,803.0
480291315033,sex_age_tot_f,680.0
480291315043,sex_age_tot_f,1392.0
480291315061,sex_age_tot_f,583.0
480291315072,sex_age_tot_f,652.0
480291316062,sex_age_tot_f,1782.0
480291316091,sex_age_tot_f,1494.0
480291316101,sex_age_tot_f,1288.0
480291316121,sex_age_tot_f,1043.0
480291316141,sex_age_tot_f,2221.0
480291316152,sex_age_tot_f,817.0
480291318011,sex_age_tot_f,732.0
480291318022,sex_age_tot_f,297.0
480291411012,sex_age_tot_f,811.0
480291522022,sex_age_tot_f,878.0
480291411022,sex_age_tot_f,142.0
480291414031,sex_age_tot_f,985.0
480291414042,sex_age_tot_f,927.0
480291605013,sex_age_tot_f,455.0
480291605023,sex_age_tot_f,514.0
480291609012,sex_age_tot_f,474.0
480291609022,sex_age_tot_f,862.0
480291613031,sex_age_tot_f,1133.0
480291613042,sex_age_tot_f,1340.0
480291615032,sex_age_tot_f,756.0
480291615042,sex_age_tot_f,1407.0
480291618021,sex_age_tot_f,3112.0
480291619021,sex_age_tot_f,576.0
480291620031,sex_age_tot_f,1168.0
480291620041,sex_age_tot_f,585.0
480291713012,sex_age_tot_f,997.0
480291716012,sex_age_tot_f,554.0
480291716022,sex_age_tot_f,434.0
480291719122,sex_age_tot_f,1181.0
480291719141,sex_age_tot_f,811.0
480291719151,sex_age_tot_f,1150.0
480291719163,sex_age_tot_f,1900.0
480291719181,sex_age_tot_f,592.0
480291215044,sex_age_tot_f,1684.0
480291215064,sex_age_tot_f,509.0
480291216061,sex_age_tot_f,308.0
480291216064,sex_age_tot_f,305.0
480291217013,sex_age_tot_f,302.0
480291217022,sex_age_tot_f,598.0
480291218082,sex_age_tot_f,1423.0
480291218093,sex_age_tot_f,802.0
480291218111,sex_age_tot_f,2079.0
480291218122,sex_age_tot_f,709.0
480291218131,sex_age_tot_f,892.0
480291219041,sex_age_tot_f,532.0
480291219052,sex_age_tot_f,2122.0
480291219071,sex_age_tot_f,791.0
480291211085,sex_age_tot_f,1033.0
480291211191,sex_age_tot_f,333.0
480291211201,sex_age_tot_f,1500.0
480291207013,sex_age_tot_f,776.0
480291215043,sex_age_tot_f,979.0
480291503002,sex_age_tot_f,873.0
480291418003,sex_age_tot_f,1194.0
480291508001,sex_age_tot_f,791.0
480291712001,sex_age_tot_f,604.0
480291712002,sex_age_tot_f,705.0
480291512004,sex_age_tot_f,448.0
480291904002,sex_age_tot_f,1457.0
480291817121,sex_age_tot_f,1267.0
480291816024,sex_age_tot_f,1112.0
480291816022,sex_age_tot_f,806.0
480291314022,sex_age_tot_f,1069.0
480291719183,sex_age_tot_f,1400.0
480291719201,sex_age_tot_f,1628.0
480291719212,sex_age_tot_f,654.0
480291719231,sex_age_tot_f,626.0
480291719234,sex_age_tot_f,2731.0
480291719251,sex_age_tot_f,726.0
480291719253,sex_age_tot_f,1564.0
480291720023,sex_age_tot_f,2568.0
480291720041,sex_age_tot_f,2242.0
480291720061,sex_age_tot_f,2231.0
480291720071,sex_age_tot_f,2540.0
480291801011,sex_age_tot_f,581.0
480291714011,sex_age_tot_f,919.0
480291714022,sex_age_tot_f,618.0
480291715012,sex_age_tot_f,535.0
480291715023,sex_age_tot_f,835.0
480291917011,sex_age_tot_f,398.0
480291917022,sex_age_tot_f,713.0
480291918043,sex_age_tot_f,1225.0
480291918111,sex_age_tot_f,2255.0
480291918063,sex_age_tot_f,3080.0
480291918081,sex_age_tot_f,1650.0
480291918092,sex_age_tot_f,1320.0
480291918131,sex_age_tot_f,2466.0
480291817252,sex_age_tot_f,1293.0
480291817263,sex_age_tot_f,2176.0
480291817281,sex_age_tot_f,4024.0
480291817301,sex_age_tot_f,635.0
480291817312,sex_age_tot_f,1125.0
480291818112,sex_age_tot_f,401.0
480291818132,sex_age_tot_f,1031.0
480291818142,sex_age_tot_f,1577.0
480291818161,sex_age_tot_f,567.0
480291818172,sex_age_tot_f,889.0
480291818183,sex_age_tot_f,766.0
480291818201,sex_age_tot_f,1557.0
480291818212,sex_age_tot_f,1457.0
480291818223,sex_age_tot_f,1065.0
480291905032,sex_age_tot_f,585.0
480291905042,sex_age_tot_f,677.0
480291906041,sex_age_tot_f,797.0
480291910051,sex_age_tot_f,638.0
480291910062,sex_age_tot_f,501.0
480291801013,sex_age_tot_f,432.0
480291801016,sex_age_tot_f,292.0
480291806031,sex_age_tot_f,1219.0
480291806043,sex_age_tot_f,523.0
480291807026,sex_age_tot_f,757.0
480291814031,sex_age_tot_f,1190.0
480291814041,sex_age_tot_f,1887.0
480291815044,sex_age_tot_f,713.0
480291817154,sex_age_tot_f,1292.0
480291820022,sex_age_tot_f,322.0
480291820031,sex_age_tot_f,1847.0
480291821013,sex_age_tot_f,1258.0
480291821051,sex_age_tot_f,1357.0
480291910065,sex_age_tot_f,544.0
480291912013,sex_age_tot_f,129.0
480291918141,sex_age_tot_f,1343.0
480291918152,sex_age_tot_f,1108.0
480291918171,sex_age_tot_f,4541.0
480291919002,sex_age_tot_f,584.0
480291919005,sex_age_tot_f,669.0
480291920003,sex_age_tot_f,508.0
480291921001,sex_age_tot_f,562.0
480291922002,sex_age_tot_f,539.0
480291805031,sex_age_tot_m,417.0
480291805032,sex_age_tot_m,806.0
480291704013,sex_age_tot_m,663.0
480291704012,sex_age_tot_m,384.0
480291914061,sex_age_tot_m,1229.0
480291914092,sex_age_tot_m,1565.0
480291212042,sex_age_tot_m,860.0
480291215081,sex_age_tot_m,743.0
480291914051,sex_age_tot_m,1451.0
480291914052,sex_age_tot_m,1031.0
480291914053,sex_age_tot_m,771.0
480291914055,sex_age_tot_m,414.0
480291709001,sex_age_tot_m,633.0
480291709003,sex_age_tot_m,233.0
480291610002,sex_age_tot_m,950.0
480291610001,sex_age_tot_m,979.0
480291615015,sex_age_tot_m,1005.0
480291615011,sex_age_tot_m,1541.0
480291615013,sex_age_tot_m,659.0
480291711001,sex_age_tot_m,1050.0
480291620011,sex_age_tot_m,1081.0
480291701022,sex_age_tot_m,538.0
480291701021,sex_age_tot_m,346.0
480291807022,sex_age_tot_m,598.0
480291807023,sex_age_tot_m,222.0
480291807025,sex_age_tot_m,294.0
480291809012,sex_age_tot_m,588.0
480291809015,sex_age_tot_m,367.0
480291106003,sex_age_tot_m,2757.0
480291108002,sex_age_tot_m,308.0
480291108001,sex_age_tot_m,410.0
480291208004,sex_age_tot_m,467.0
480291208006,sex_age_tot_m,396.0
480291208001,sex_age_tot_m,450.0
480291208002,sex_age_tot_m,538.0
480291208005,sex_age_tot_m,313.0
480291208007,sex_age_tot_m,445.0
480291208003,sex_age_tot_m,627.0
480291211113,sex_age_tot_m,795.0
480291211111,sex_age_tot_m,499.0
480291211112,sex_age_tot_m,1085.0
480291211114,sex_age_tot_m,1201.0
480291211161,sex_age_tot_m,1046.0
480291211164,sex_age_tot_m,701.0
480291211162,sex_age_tot_m,210.0
480291211181,sex_age_tot_m,871.0
480291211182,sex_age_tot_m,1180.0
480291212031,sex_age_tot_m,349.0
480291212032,sex_age_tot_m,792.0
480291212051,sex_age_tot_m,1530.0
480291817182,sex_age_tot_m,997.0
480291818111,sex_age_tot_m,1710.0
480291902003,sex_age_tot_m,317.0
480291902004,sex_age_tot_m,470.0
480291902001,sex_age_tot_m,280.0
480291802021,sex_age_tot_m,490.0
480291802023,sex_age_tot_m,842.0
480291805013,sex_age_tot_m,577.0
480291805012,sex_age_tot_m,256.0
480291805011,sex_age_tot_m,1004.0
480291808002,sex_age_tot_m,694.0
480291808001,sex_age_tot_m,380.0
480291708002,sex_age_tot_m,365.0
480291106002,sex_age_tot_m,603.0
480291504001,sex_age_tot_m,190.0
480291504002,sex_age_tot_m,589.0
480291510001,sex_age_tot_m,714.0
480291521002,sex_age_tot_m,590.0
480291521001,sex_age_tot_m,555.0
480291607024,sex_age_tot_m,425.0
480291607023,sex_age_tot_m,546.0
480291616002,sex_age_tot_m,1379.0
480291616001,sex_age_tot_m,930.0
480291216012,sex_age_tot_m,633.0
480291216013,sex_age_tot_m,932.0
480291216014,sex_age_tot_m,527.0
480291218021,sex_age_tot_m,987.0
480291218023,sex_age_tot_m,1497.0
480291303002,sex_age_tot_m,434.0
480291303001,sex_age_tot_m,296.0
480291307002,sex_age_tot_m,428.0
480291307001,sex_age_tot_m,740.0
480291702004,sex_age_tot_m,472.0
480291702006,sex_age_tot_m,605.0
480291702002,sex_age_tot_m,334.0
480291702005,sex_age_tot_m,449.0
480291702001,sex_age_tot_m,443.0
480291316011,sex_age_tot_m,428.0
480291317001,sex_age_tot_m,645.0
480291412004,sex_age_tot_m,285.0
480291412001,sex_age_tot_m,956.0
480291412005,sex_age_tot_m,531.0
480291412002,sex_age_tot_m,710.0
480291501003,sex_age_tot_m,576.0
480291309002,sex_age_tot_m,585.0
480291309003,sex_age_tot_m,487.0
480291310003,sex_age_tot_m,367.0
480291310004,sex_age_tot_m,365.0
480291310001,sex_age_tot_m,1332.0
480291310002,sex_age_tot_m,304.0
480291405003,sex_age_tot_m,628.0
480291405002,sex_age_tot_m,640.0
480291405001,sex_age_tot_m,322.0
480291405004,sex_age_tot_m,297.0
480291406002,sex_age_tot_m,384.0
480291406001,sex_age_tot_m,963.0
480291407003,sex_age_tot_m,426.0
480291407001,sex_age_tot_m,518.0
480291407004,sex_age_tot_m,311.0
480291407005,sex_age_tot_m,662.0
480291413001,sex_age_tot_m,382.0
480291413003,sex_age_tot_m,1607.0
480291702003,sex_age_tot_m,532.0
480291806023,sex_age_tot_m,376.0
480291806021,sex_age_tot_m,324.0
480291911021,sex_age_tot_m,277.0
480291911022,sex_age_tot_m,380.0
480291911023,sex_age_tot_m,485.0
480291209012,sex_age_tot_m,913.0
480291209011,sex_age_tot_m,492.0
480291211122,sex_age_tot_m,649.0
480291519001,sex_age_tot_m,923.0
480291409002,sex_age_tot_m,514.0
480291417001,sex_age_tot_m,1238.0
480291417002,sex_age_tot_m,1587.0
480291505012,sex_age_tot_m,685.0
480291505014,sex_age_tot_m,585.0
480291604002,sex_age_tot_m,1033.0
480291604004,sex_age_tot_m,365.0
480291604001,sex_age_tot_m,484.0
480291604003,sex_age_tot_m,477.0
480291611005,sex_age_tot_m,1031.0
480291611006,sex_age_tot_m,208.0
480291611001,sex_age_tot_m,1612.0
480291611004,sex_age_tot_m,832.0
480291611003,sex_age_tot_m,626.0
480291611002,sex_age_tot_m,364.0
480291813012,sex_age_tot_m,838.0
480291813011,sex_age_tot_m,1456.0
480291814021,sex_age_tot_m,548.0
480291814022,sex_age_tot_m,794.0
480291109001,sex_age_tot_m,959.0
480291110003,sex_age_tot_m,571.0
480291110002,sex_age_tot_m,364.0
480291204001,sex_age_tot_m,639.0
480291204005,sex_age_tot_m,545.0
480291710004,sex_age_tot_m,1001.0
480291204003,sex_age_tot_m,604.0
480291207021,sex_age_tot_m,1200.0
480291704014,sex_age_tot_m,347.0
480291710001,sex_age_tot_m,451.0
480291710002,sex_age_tot_m,538.0
480291717001,sex_age_tot_m,988.0
480291717003,sex_age_tot_m,469.0
480291215013,sex_age_tot_m,1422.0
480291215011,sex_age_tot_m,945.0
480291215074,sex_age_tot_m,604.0
480291215071,sex_age_tot_m,442.0
480291215072,sex_age_tot_m,599.0
480291312002,sex_age_tot_m,686.0
480291401002,sex_age_tot_m,328.0
480291401001,sex_age_tot_m,396.0
480291404004,sex_age_tot_m,247.0
480291101002,sex_age_tot_m,360.0
480291209022,sex_age_tot_m,722.0
480291209021,sex_age_tot_m,1194.0
480291214033,sex_age_tot_m,1042.0
480291214031,sex_age_tot_m,1024.0
480291216042,sex_age_tot_m,570.0
480291216043,sex_age_tot_m,434.0
480291306004,sex_age_tot_m,619.0
480291207022,sex_age_tot_m,274.0
480291213003,sex_age_tot_m,323.0
480291213001,sex_age_tot_m,1548.0
480291703004,sex_age_tot_m,328.0
480291703002,sex_age_tot_m,136.0
480291703006,sex_age_tot_m,547.0
480291703005,sex_age_tot_m,1066.0
480291703003,sex_age_tot_m,581.0
480291704024,sex_age_tot_m,301.0
480291704021,sex_age_tot_m,1074.0
480291706001,sex_age_tot_m,624.0
480291706004,sex_age_tot_m,448.0
480291706003,sex_age_tot_m,662.0
480291707003,sex_age_tot_m,1169.0
480291707002,sex_age_tot_m,567.0
480291212044,sex_age_tot_m,638.0
480291212043,sex_age_tot_m,439.0
480291404001,sex_age_tot_m,440.0
480291404002,sex_age_tot_m,562.0
480291504003,sex_age_tot_m,1275.0
480291215052,sex_age_tot_m,361.0
480291403002,sex_age_tot_m,584.0
480291403003,sex_age_tot_m,576.0
480291520001,sex_age_tot_m,1657.0
480291701011,sex_age_tot_m,425.0
480291701012,sex_age_tot_m,808.0
480291718022,sex_age_tot_m,657.0
480291718025,sex_age_tot_m,451.0
480291718023,sex_age_tot_m,748.0
480291408004,sex_age_tot_m,394.0
480291408001,sex_age_tot_m,643.0
480291408005,sex_age_tot_m,832.0
480291408003,sex_age_tot_m,171.0
480291408002,sex_age_tot_m,709.0
480291505023,sex_age_tot_m,565.0
480291505022,sex_age_tot_m,655.0
480291505021,sex_age_tot_m,596.0
480291507006,sex_age_tot_m,144.0
480291507001,sex_age_tot_m,483.0
480291507003,sex_age_tot_m,880.0
480291601004,sex_age_tot_m,1323.0
480291601003,sex_age_tot_m,762.0
480291601001,sex_age_tot_m,727.0
480291813023,sex_age_tot_m,921.0
480291809021,sex_age_tot_m,583.0
480291809023,sex_age_tot_m,694.0
480291809022,sex_age_tot_m,421.0
480291809025,sex_age_tot_m,763.0
480291810031,sex_age_tot_m,999.0
480291810051,sex_age_tot_m,1078.0
480291810052,sex_age_tot_m,263.0
480291815061,sex_age_tot_m,260.0
480291815062,sex_age_tot_m,725.0
480291817151,sex_age_tot_m,613.0
480291203002,sex_age_tot_m,241.0
480291203003,sex_age_tot_m,603.0
480291203005,sex_age_tot_m,574.0
480291205013,sex_age_tot_m,648.0
480291205015,sex_age_tot_m,658.0
480291205012,sex_age_tot_m,774.0
480291205014,sex_age_tot_m,896.0
480291211152,sex_age_tot_m,1209.0
480291211153,sex_age_tot_m,744.0
480291211172,sex_age_tot_m,618.0
480291211171,sex_age_tot_m,954.0
480291720021,sex_age_tot_m,2783.0
480291817031,sex_age_tot_m,1675.0
480291817032,sex_age_tot_m,851.0
480291803003,sex_age_tot_m,876.0
480291803001,sex_age_tot_m,552.0
480291803002,sex_age_tot_m,702.0
480291817161,sex_age_tot_m,1924.0
480291910034,sex_age_tot_m,447.0
480291910035,sex_age_tot_m,375.0
480291910033,sex_age_tot_m,624.0
480291910031,sex_age_tot_m,748.0
480291910032,sex_age_tot_m,2266.0
480291214041,sex_age_tot_m,1016.0
480291214042,sex_age_tot_m,705.0
480291214043,sex_age_tot_m,842.0
480291313001,sex_age_tot_m,862.0
480291313004,sex_age_tot_m,228.0
480291316061,sex_age_tot_m,1469.0
480291103003,sex_age_tot_m,201.0
480291103002,sex_age_tot_m,595.0
480291201001,sex_age_tot_m,2784.0
480291206002,sex_age_tot_m,505.0
480291206003,sex_age_tot_m,360.0
480291206006,sex_age_tot_m,207.0
480291206005,sex_age_tot_m,619.0
480291517003,sex_age_tot_m,511.0
480291517002,sex_age_tot_m,746.0
480291517001,sex_age_tot_m,1006.0
480291607013,sex_age_tot_m,521.0
480291306001,sex_age_tot_m,509.0
480291306003,sex_age_tot_m,595.0
480291306002,sex_age_tot_m,355.0
480291402003,sex_age_tot_m,469.0
480291402002,sex_age_tot_m,352.0
480291402001,sex_age_tot_m,280.0
480291402004,sex_age_tot_m,461.0
480291309001,sex_age_tot_m,1021.0
480291717004,sex_age_tot_m,1051.0
480291719035,sex_age_tot_m,844.0
480291717006,sex_age_tot_m,669.0
480291719032,sex_age_tot_m,501.0
480291719034,sex_age_tot_m,375.0
480291509002,sex_age_tot_m,294.0
480291509001,sex_age_tot_m,663.0
480291509005,sex_age_tot_m,962.0
480291705003,sex_age_tot_m,422.0
480291705004,sex_age_tot_m,622.0
480291705002,sex_age_tot_m,642.0
480291805042,sex_age_tot_m,1465.0
480291205025,sex_age_tot_m,501.0
480291205023,sex_age_tot_m,205.0
480291205026,sex_age_tot_m,498.0
480291205024,sex_age_tot_m,479.0
480291207012,sex_age_tot_m,521.0
480291207011,sex_age_tot_m,396.0
480291302002,sex_age_tot_m,310.0
480291410003,sex_age_tot_m,776.0
480291410002,sex_age_tot_m,678.0
480291516001,sex_age_tot_m,1410.0
480291516004,sex_age_tot_m,702.0
480291516002,sex_age_tot_m,513.0
480291817051,sex_age_tot_m,758.0
480291817052,sex_age_tot_m,825.0
480291512002,sex_age_tot_m,1394.0
480291606001,sex_age_tot_m,694.0
480291606003,sex_age_tot_m,1011.0
480291419003,sex_age_tot_m,694.0
480291419002,sex_age_tot_m,835.0
480291515003,sex_age_tot_m,631.0
480291515002,sex_age_tot_m,535.0
480291603003,sex_age_tot_m,281.0
480291603002,sex_age_tot_m,462.0
480291603005,sex_age_tot_m,790.0
480291612001,sex_age_tot_m,380.0
480291612002,sex_age_tot_m,1016.0
480291804003,sex_age_tot_m,397.0
480291804001,sex_age_tot_m,1013.0
480291807012,sex_age_tot_m,1277.0
480291811004,sex_age_tot_m,565.0
480291811002,sex_age_tot_m,435.0
480291811003,sex_age_tot_m,1209.0
480291909015,sex_age_tot_m,783.0
480291909013,sex_age_tot_m,136.0
480291809014,sex_age_tot_m,728.0
480291813031,sex_age_tot_m,1018.0
480291815041,sex_age_tot_m,793.0
480291815042,sex_age_tot_m,1306.0
480291816012,sex_age_tot_m,1173.0
480291906011,sex_age_tot_m,868.0
480291818091,sex_age_tot_m,759.0
480291818092,sex_age_tot_m,1167.0
480291818094,sex_age_tot_m,579.0
480291906013,sex_age_tot_m,549.0
480291910041,sex_age_tot_m,679.0
480291910043,sex_age_tot_m,465.0
480291813022,sex_age_tot_m,1231.0
480291212063,sex_age_tot_m,357.0
480291212061,sex_age_tot_m,809.0
480291212065,sex_age_tot_m,1107.0
480291212062,sex_age_tot_m,583.0
480291214022,sex_age_tot_m,632.0
480291214021,sex_age_tot_m,3152.0
480291218031,sex_age_tot_m,822.0
480291218032,sex_age_tot_m,334.0
480291218033,sex_age_tot_m,972.0
480291218041,sex_age_tot_m,1124.0
480291218042,sex_age_tot_m,1483.0
480291218043,sex_age_tot_m,938.0
480291308001,sex_age_tot_m,1365.0
480291308004,sex_age_tot_m,811.0
480291308002,sex_age_tot_m,337.0
480291308003,sex_age_tot_m,240.0
480291311003,sex_age_tot_m,469.0
480291311002,sex_age_tot_m,456.0
480291602002,sex_age_tot_m,398.0
480291817134,sex_age_tot_m,932.0
480291817132,sex_age_tot_m,968.0
480291817133,sex_age_tot_m,1002.0
480291815054,sex_age_tot_m,617.0
480291815053,sex_age_tot_m,564.0
480291815051,sex_age_tot_m,378.0
480291817042,sex_age_tot_m,648.0
480291817044,sex_age_tot_m,373.0
480291817111,sex_age_tot_m,1587.0
480291907002,sex_age_tot_m,470.0
480291907003,sex_age_tot_m,724.0
480291607011,sex_age_tot_m,715.0
480291607012,sex_age_tot_m,519.0
480291718011,sex_age_tot_m,624.0
480291718013,sex_age_tot_m,720.0
480291718014,sex_age_tot_m,536.0
480291718012,sex_age_tot_m,930.0
480291802013,sex_age_tot_m,1348.0
480291802012,sex_age_tot_m,409.0
480291802014,sex_age_tot_m,722.0
480291802011,sex_age_tot_m,319.0
480291812001,sex_age_tot_m,258.0
480291812004,sex_age_tot_m,924.0
480291812002,sex_age_tot_m,449.0
480291812005,sex_age_tot_m,497.0
480291514004,sex_age_tot_m,550.0
480291511003,sex_age_tot_m,397.0
480291511001,sex_age_tot_m,580.0
480291514001,sex_age_tot_m,546.0
480291514002,sex_age_tot_m,854.0
480291905012,sex_age_tot_m,794.0
480291905013,sex_age_tot_m,477.0
480291905011,sex_age_tot_m,534.0
480291908001,sex_age_tot_m,403.0
480291908002,sex_age_tot_m,575.0
480291909011,sex_age_tot_m,544.0
480291909012,sex_age_tot_m,1031.0
480291909021,sex_age_tot_m,843.0
480291909023,sex_age_tot_m,408.0
480291810012,sex_age_tot_m,784.0
480291810042,sex_age_tot_m,1707.0
480291810041,sex_age_tot_m,1005.0
480291901004,sex_age_tot_m,578.0
480291901003,sex_age_tot_m,481.0
480291901002,sex_age_tot_m,496.0
480291719021,sex_age_tot_m,1080.0
480291311001,sex_age_tot_m,246.0
480291203008,sex_age_tot_m,369.0
480291203007,sex_age_tot_m,348.0
480291501001,sex_age_tot_m,889.0
480291501004,sex_age_tot_m,661.0
480291506004,sex_age_tot_m,667.0
480291506003,sex_age_tot_m,453.0
480291511007,sex_age_tot_m,1147.0
480291511005,sex_age_tot_m,547.0
480291511004,sex_age_tot_m,589.0
480291918042,sex_age_tot_m,1370.0
480291918041,sex_age_tot_m,1032.0
480291210004,sex_age_tot_m,506.0
480291210003,sex_age_tot_m,1181.0
480291210005,sex_age_tot_m,710.0
480291210006,sex_age_tot_m,775.0
480291211102,sex_age_tot_m,627.0
480291215062,sex_age_tot_m,608.0
480291215061,sex_age_tot_m,526.0
480291305001,sex_age_tot_m,352.0
480291305003,sex_age_tot_m,981.0
480291305002,sex_age_tot_m,482.0
480291305004,sex_age_tot_m,515.0
480291904003,sex_age_tot_m,403.0
480291211081,sex_age_tot_m,502.0
480291211083,sex_age_tot_m,1011.0
480291211084,sex_age_tot_m,583.0
480291207015,sex_age_tot_m,584.0
480291215042,sex_age_tot_m,342.0
480291215041,sex_age_tot_m,623.0
480291503001,sex_age_tot_m,513.0
480291503004,sex_age_tot_m,982.0
480291503003,sex_age_tot_m,364.0
480291602003,sex_age_tot_m,511.0
480291508002,sex_age_tot_m,224.0
480291508003,sex_age_tot_m,589.0
480291712003,sex_age_tot_m,584.0
480291418001,sex_age_tot_m,630.0
480291418002,sex_age_tot_m,263.0
480291512005,sex_age_tot_m,2213.0
480291512003,sex_age_tot_m,517.0
480291512001,sex_age_tot_m,626.0
480291107001,sex_age_tot_m,646.0
480291904001,sex_age_tot_m,276.0
480291719121,sex_age_tot_m,2322.0
480291817122,sex_age_tot_m,812.0
480291816023,sex_age_tot_m,737.0
480291816021,sex_age_tot_m,426.0
480291818081,sex_age_tot_m,730.0
480291821021,sex_age_tot_m,1077.0
480291911011,sex_age_tot_m,403.0
480291911012,sex_age_tot_m,492.0
480291219082,sex_age_tot_m,871.0
480291219091,sex_age_tot_m,1736.0
480291219092,sex_age_tot_m,2094.0
480291219101,sex_age_tot_m,3064.0
480291219102,sex_age_tot_m,433.0
480291304011,sex_age_tot_m,577.0
480291304012,sex_age_tot_m,462.0
480291304013,sex_age_tot_m,641.0
480291304014,sex_age_tot_m,479.0
480291304021,sex_age_tot_m,523.0
480291304022,sex_age_tot_m,781.0
480291304023,sex_age_tot_m,744.0
480291314011,sex_age_tot_m,3503.0
480291314012,sex_age_tot_m,1755.0
480291314021,sex_age_tot_m,291.0
480291719182,sex_age_tot_m,486.0
480291719184,sex_age_tot_m,840.0
480291719191,sex_age_tot_m,2527.0
480291719202,sex_age_tot_m,2372.0
480291719211,sex_age_tot_m,1361.0
480291719213,sex_age_tot_m,506.0
480291719221,sex_age_tot_m,1788.0
480291719232,sex_age_tot_m,645.0
480291719233,sex_age_tot_m,1144.0
480291719241,sex_age_tot_m,2547.0
480291720022,sex_age_tot_m,3288.0
480291719242,sex_age_tot_m,941.0
480291719252,sex_age_tot_m,927.0
480291719254,sex_age_tot_m,1596.0
480291720031,sex_age_tot_m,1573.0
480291720032,sex_age_tot_m,1398.0
480291720051,sex_age_tot_m,2068.0
480291720052,sex_age_tot_m,3627.0
480291720062,sex_age_tot_m,1031.0
480291720063,sex_age_tot_m,897.0
480291720072,sex_age_tot_m,1254.0
480291720073,sex_age_tot_m,2426.0
480291801012,sex_age_tot_m,598.0
480291315031,sex_age_tot_m,526.0
480291315032,sex_age_tot_m,348.0
480291315041,sex_age_tot_m,516.0
480291315042,sex_age_tot_m,524.0
480291315051,sex_age_tot_m,1256.0
480291315052,sex_age_tot_m,1246.0
480291315062,sex_age_tot_m,1230.0
480291316081,sex_age_tot_m,1235.0
480291315071,sex_age_tot_m,1683.0
480291315073,sex_age_tot_m,1197.0
480291316012,sex_age_tot_m,1524.0
480291316082,sex_age_tot_m,1603.0
480291316092,sex_age_tot_m,875.0
480291316093,sex_age_tot_m,1307.0
480291316102,sex_age_tot_m,1062.0
480291316111,sex_age_tot_m,526.0
480291316131,sex_age_tot_m,682.0
480291316132,sex_age_tot_m,1425.0
480291316142,sex_age_tot_m,219.0
480291316151,sex_age_tot_m,1235.0
480291316153,sex_age_tot_m,777.0
480291316154,sex_age_tot_m,581.0
480291318012,sex_age_tot_m,354.0
480291318021,sex_age_tot_m,994.0
480291318023,sex_age_tot_m,927.0
480291411011,sex_age_tot_m,751.0
480291411013,sex_age_tot_m,693.0
480291411021,sex_age_tot_m,612.0
480291411023,sex_age_tot_m,751.0
480291414022,sex_age_tot_m,955.0
480291414032,sex_age_tot_m,1412.0
480291414041,sex_age_tot_m,1262.0
480291414043,sex_age_tot_m,401.0
480291416002,sex_age_tot_m,1058.0
480291513011,sex_age_tot_m,406.0
480291513012,sex_age_tot_m,476.0
480291513013,sex_age_tot_m,622.0
480291513014,sex_age_tot_m,1172.0
480291513021,sex_age_tot_m,858.0
480291513022,sex_age_tot_m,963.0
480291521003,sex_age_tot_m,457.0
480291521004,sex_age_tot_m,1078.0
480291522011,sex_age_tot_m,1779.0
480291522012,sex_age_tot_m,1241.0
480291522013,sex_age_tot_m,833.0
480291522021,sex_age_tot_m,1944.0
480291605011,sex_age_tot_m,1180.0
480291605012,sex_age_tot_m,572.0
480291605021,sex_age_tot_m,294.0
480291609013,sex_age_tot_m,669.0
480291605022,sex_age_tot_m,503.0
480291605024,sex_age_tot_m,871.0
480291609011,sex_age_tot_m,387.0
480291609021,sex_age_tot_m,1028.0
480291609023,sex_age_tot_m,707.0
480291613022,sex_age_tot_m,871.0
480291613032,sex_age_tot_m,1187.0
480291613041,sex_age_tot_m,1118.0
480291614001,sex_age_tot_m,4275.0
480291615031,sex_age_tot_m,1061.0
480291615033,sex_age_tot_m,598.0
480291615041,sex_age_tot_m,895.0
480291618011,sex_age_tot_m,1872.0
480291618012,sex_age_tot_m,569.0
480291618022,sex_age_tot_m,1869.0
480291619011,sex_age_tot_m,602.0
480291619022,sex_age_tot_m,1765.0
480291619023,sex_age_tot_m,4010.0
480291620032,sex_age_tot_m,750.0
480291620033,sex_age_tot_m,644.0
480291620042,sex_age_tot_m,1255.0
480291713011,sex_age_tot_m,405.0
480291713021,sex_age_tot_m,1023.0
480291713022,sex_age_tot_m,312.0
480291716011,sex_age_tot_m,1153.0
480291716013,sex_age_tot_m,552.0
480291716021,sex_age_tot_m,1207.0
480291719022,sex_age_tot_m,2180.0
480291719023,sex_age_tot_m,3580.0
480291719131,sex_age_tot_m,2499.0
480291719132,sex_age_tot_m,783.0
480291719142,sex_age_tot_m,912.0
480291719143,sex_age_tot_m,1027.0
480291719161,sex_age_tot_m,1633.0
480291719162,sex_age_tot_m,818.0
480291719171,sex_age_tot_m,2000.0
480291719172,sex_age_tot_m,2828.0
480291215053,sex_age_tot_m,987.0
480291216051,sex_age_tot_m,614.0
480291216052,sex_age_tot_m,307.0
480291216062,sex_age_tot_m,1351.0
480291216063,sex_age_tot_m,503.0
480291217011,sex_age_tot_m,686.0
480291217012,sex_age_tot_m,376.0
480291217014,sex_age_tot_m,561.0
480291217021,sex_age_tot_m,1711.0
480291217023,sex_age_tot_m,1378.0
480291218081,sex_age_tot_m,355.0
480291218091,sex_age_tot_m,519.0
480291218092,sex_age_tot_m,1157.0
480291218101,sex_age_tot_m,1498.0
480291218102,sex_age_tot_m,626.0
480291218112,sex_age_tot_m,448.0
480291218121,sex_age_tot_m,2013.0
480291219032,sex_age_tot_m,1651.0
480291218123,sex_age_tot_m,299.0
480291218124,sex_age_tot_m,239.0
480291219031,sex_age_tot_m,1111.0
480291219042,sex_age_tot_m,1088.0
480291219051,sex_age_tot_m,970.0
480291219061,sex_age_tot_m,1453.0
480291219062,sex_age_tot_m,1360.0
480291219072,sex_age_tot_m,5597.0
480291219081,sex_age_tot_m,940.0
480291209024,sex_age_tot_m,676.0
480291211103,sex_age_tot_m,835.0
480291211183,sex_age_tot_m,1048.0
480291211192,sex_age_tot_m,1704.0
480291211193,sex_age_tot_m,1060.0
480291211202,sex_age_tot_m,1134.0
480291211211,sex_age_tot_m,868.0
480291211212,sex_age_tot_m,545.0
480291211221,sex_age_tot_m,908.0
480291211222,sex_age_tot_m,757.0
480291211223,sex_age_tot_m,1099.0
480291215014,sex_age_tot_m,1242.0
480291713023,sex_age_tot_m,544.0
480291713024,sex_age_tot_m,326.0
480291714012,sex_age_tot_m,1429.0
480291714021,sex_age_tot_m,1193.0
480291714023,sex_age_tot_m,1402.0
480291715011,sex_age_tot_m,846.0
480291715021,sex_age_tot_m,659.0
480291715022,sex_age_tot_m,485.0
480291715024,sex_age_tot_m,660.0
480291914121,sex_age_tot_m,1197.0
480291914131,sex_age_tot_m,1258.0
480291914132,sex_age_tot_m,1523.0
480291915031,sex_age_tot_m,888.0
480291915032,sex_age_tot_m,972.0
480291915033,sex_age_tot_m,549.0
480291915041,sex_age_tot_m,566.0
480291915042,sex_age_tot_m,694.0
480291915051,sex_age_tot_m,467.0
480291915052,sex_age_tot_m,590.0
480291915061,sex_age_tot_m,1122.0
480291915062,sex_age_tot_m,1459.0
480291915063,sex_age_tot_m,699.0
480291917012,sex_age_tot_m,332.0
480291917021,sex_age_tot_m,1927.0
480291917023,sex_age_tot_m,437.0
480291917024,sex_age_tot_m,673.0
480291918061,sex_age_tot_m,614.0
480291918062,sex_age_tot_m,721.0
480291918071,sex_age_tot_m,2074.0
480291918072,sex_age_tot_m,1306.0
480291918082,sex_age_tot_m,598.0
480291918091,sex_age_tot_m,2583.0
480291918101,sex_age_tot_m,1341.0
480291918102,sex_age_tot_m,986.0
480291918121,sex_age_tot_m,1424.0
480291918122,sex_age_tot_m,674.0
480291918132,sex_age_tot_m,1169.0
480291821062,sex_age_tot_m,1726.0
480291905031,sex_age_tot_m,722.0
480291905033,sex_age_tot_m,819.0
480291905041,sex_age_tot_m,693.0
480291906031,sex_age_tot_m,769.0
480291906032,sex_age_tot_m,803.0
480291906042,sex_age_tot_m,672.0
480291906043,sex_age_tot_m,715.0
480291910052,sex_age_tot_m,487.0
480291910061,sex_age_tot_m,586.0
480291910063,sex_age_tot_m,738.0
480291801014,sex_age_tot_m,339.0
480291801015,sex_age_tot_m,298.0
480291801021,sex_age_tot_m,453.0
480291806044,sex_age_tot_m,285.0
480291801022,sex_age_tot_m,557.0
480291806041,sex_age_tot_m,1202.0
480291806042,sex_age_tot_m,858.0
480291806045,sex_age_tot_m,614.0
480291810033,sex_age_tot_m,2304.0
480291813032,sex_age_tot_m,1103.0
480291814032,sex_age_tot_m,1690.0
480291814033,sex_age_tot_m,689.0
480291814042,sex_age_tot_m,685.0
480291815032,sex_age_tot_m,1913.0
480291817112,sex_age_tot_m,1120.0
480291817113,sex_age_tot_m,1560.0
480291817153,sex_age_tot_m,496.0
480291817162,sex_age_tot_m,979.0
480291817163,sex_age_tot_m,1271.0
480291817164,sex_age_tot_m,427.0
480291817183,sex_age_tot_m,732.0
480291817201,sex_age_tot_m,2027.0
480291817202,sex_age_tot_m,465.0
480291817211,sex_age_tot_m,988.0
480291817212,sex_age_tot_m,856.0
480291817231,sex_age_tot_m,920.0
480291817221,sex_age_tot_m,945.0
480291817222,sex_age_tot_m,722.0
480291817223,sex_age_tot_m,756.0
480291817232,sex_age_tot_m,512.0
480291817233,sex_age_tot_m,1096.0
480291817241,sex_age_tot_m,1710.0
480291817242,sex_age_tot_m,1283.0
480291817251,sex_age_tot_m,1079.0
480291817261,sex_age_tot_m,1324.0
480291817262,sex_age_tot_m,1855.0
480291817271,sex_age_tot_m,1615.0
480291817272,sex_age_tot_m,374.0
480291817282,sex_age_tot_m,2490.0
480291817291,sex_age_tot_m,4531.0
480291817302,sex_age_tot_m,1273.0
480291817311,sex_age_tot_m,732.0
480291817313,sex_age_tot_m,1124.0
480291817314,sex_age_tot_m,722.0
480291818131,sex_age_tot_m,1264.0
480291818133,sex_age_tot_m,1156.0
480291818141,sex_age_tot_m,1961.0
480291818151,sex_age_tot_m,537.0
480291818152,sex_age_tot_m,1016.0
480291818162,sex_age_tot_m,1666.0
480291818171,sex_age_tot_m,1240.0
480291818181,sex_age_tot_m,1198.0
480291818182,sex_age_tot_m,1067.0
480291818191,sex_age_tot_m,460.0
480291818192,sex_age_tot_m,3139.0
480291818202,sex_age_tot_m,2834.0
480291818211,sex_age_tot_m,519.0
480291818221,sex_age_tot_m,521.0
480291818222,sex_age_tot_m,774.0
480291818231,sex_age_tot_m,1670.0
480291818241,sex_age_tot_m,610.0
480291912012,sex_age_tot_m,733.0
480291910064,sex_age_tot_m,764.0
480291912011,sex_age_tot_m,750.0
480291912021,sex_age_tot_m,598.0
480291912022,sex_age_tot_m,1115.0
480291912023,sex_age_tot_m,288.0
480291912024,sex_age_tot_m,549.0
480291913031,sex_age_tot_m,904.0
480291913041,sex_age_tot_m,430.0
480291913042,sex_age_tot_m,1159.0
480291914062,sex_age_tot_m,879.0
480291914063,sex_age_tot_m,796.0
480291914082,sex_age_tot_m,614.0
480291914101,sex_age_tot_m,612.0
480291914102,sex_age_tot_m,1239.0
480291914103,sex_age_tot_m,839.0
480291914111,sex_age_tot_m,866.0
480291914112,sex_age_tot_m,1314.0
480291818242,sex_age_tot_m,1130.0
480291818251,sex_age_tot_m,797.0
480291818252,sex_age_tot_m,1681.0
480291818261,sex_age_tot_m,877.0
480291818262,sex_age_tot_m,1353.0
480291818263,sex_age_tot_m,419.0
480291818264,sex_age_tot_m,857.0
480291819011,sex_age_tot_m,1608.0
480291819012,sex_age_tot_m,1430.0
480291819021,sex_age_tot_m,2729.0
480291819022,sex_age_tot_m,1433.0
480291820011,sex_age_tot_m,1121.0
480291820012,sex_age_tot_m,1775.0
480291820021,sex_age_tot_m,2890.0
480291820023,sex_age_tot_m,1880.0
480291820032,sex_age_tot_m,755.0
480291821012,sex_age_tot_m,1021.0
480291821022,sex_age_tot_m,996.0
480291821023,sex_age_tot_m,2405.0
480291821061,sex_age_tot_m,1769.0
480291918142,sex_age_tot_m,1228.0
480291918151,sex_age_tot_m,1404.0
480291918161,sex_age_tot_m,674.0
480291918162,sex_age_tot_m,571.0
480291918172,sex_age_tot_m,1653.0
480291919001,sex_age_tot_m,452.0
480291919003,sex_age_tot_m,317.0
480291919004,sex_age_tot_m,414.0
480291920001,sex_age_tot_m,898.0
480291920002,sex_age_tot_m,929.0
480291920004,sex_age_tot_m,252.0
480291920005,sex_age_tot_m,179.0
480291921002,sex_age_tot_m,427.0
480291922001,sex_age_tot_m,843.0
480291923001,sex_age_tot_m,291.0
480291923002,sex_age_tot_m,1248.0
480291923003,sex_age_tot_m,476.0
480291923004,sex_age_tot_m,309.0
480299800011,sex_age_tot_m,0.0
480299800021,sex_age_tot_m,0.0
480299800031,sex_age_tot_m,758.0
480299800041,sex_age_tot_m,0.0
480299800051,sex_age_tot_m,8.0
480299801001,sex_age_tot_m,517.0
480291805033,sex_age_tot_m,1141.0
480291704011,sex_age_tot_m,568.0
480291914081,sex_age_tot_m,988.0
480291914091,sex_age_tot_m,1701.0
480291412006,sex_age_tot_m,509.0
480291412003,sex_age_tot_m,608.0
480291501002,sex_age_tot_m,869.0
480291407002,sex_age_tot_m,487.0
480291413002,sex_age_tot_m,1513.0
480291414021,sex_age_tot_m,1687.0
480291806022,sex_age_tot_m,946.0
480291101003,sex_age_tot_m,1246.0
480291211121,sex_age_tot_m,985.0
480291519002,sex_age_tot_m,2417.0
480291409001,sex_age_tot_m,472.0
480291505011,sex_age_tot_m,401.0
480291505013,sex_age_tot_m,605.0
480291110001,sex_age_tot_m,599.0
480291204002,sex_age_tot_m,293.0
480291204006,sex_age_tot_m,309.0
480291204004,sex_age_tot_m,658.0
480291710005,sex_age_tot_m,251.0
480291710003,sex_age_tot_m,774.0
480291717005,sex_age_tot_m,507.0
480291213004,sex_age_tot_m,801.0
480291215012,sex_age_tot_m,1117.0
480291215073,sex_age_tot_m,610.0
480291312001,sex_age_tot_m,767.0
480291404003,sex_age_tot_m,311.0
480291101001,sex_age_tot_m,417.0
480291209023,sex_age_tot_m,974.0
480291214032,sex_age_tot_m,499.0
480291216041,sex_age_tot_m,2112.0
480291216044,sex_age_tot_m,1167.0
480291207023,sex_age_tot_m,431.0
480291213002,sex_age_tot_m,613.0
480291703001,sex_age_tot_m,692.0
480291704022,sex_age_tot_m,516.0
480291704023,sex_age_tot_m,700.0
480291706002,sex_age_tot_m,607.0
480291707001,sex_age_tot_m,675.0
480291212041,sex_age_tot_m,929.0
480291212045,sex_age_tot_m,777.0
480291416001,sex_age_tot_m,1528.0
480291215051,sex_age_tot_m,1378.0
480291403001,sex_age_tot_m,571.0
480291701013,sex_age_tot_m,614.0
480291718021,sex_age_tot_m,822.0
480291718024,sex_age_tot_m,464.0
480291507005,sex_age_tot_m,661.0
480291507002,sex_age_tot_m,587.0
480291507004,sex_age_tot_m,737.0
480291601002,sex_age_tot_m,726.0
480291813021,sex_age_tot_m,1123.0
480291815063,sex_age_tot_m,992.0
480291809024,sex_age_tot_m,905.0
480291810032,sex_age_tot_m,698.0
480291810053,sex_age_tot_m,938.0
480291817152,sex_age_tot_m,588.0
480291203001,sex_age_tot_m,889.0
480291205011,sex_age_tot_m,428.0
480291205016,sex_age_tot_m,927.0
480291205017,sex_age_tot_m,563.0
480291211151,sex_age_tot_m,560.0
480291211173,sex_age_tot_m,717.0
480291815031,sex_age_tot_m,1792.0
480291215082,sex_age_tot_m,1146.0
480291914054,sex_age_tot_m,642.0
480291709002,sex_age_tot_m,781.0
480291615012,sex_age_tot_m,293.0
480291615014,sex_age_tot_m,766.0
480291701023,sex_age_tot_m,967.0
480291711002,sex_age_tot_m,949.0
480291807024,sex_age_tot_m,459.0
480291807021,sex_age_tot_m,895.0
480291809013,sex_age_tot_m,756.0
480291108003,sex_age_tot_m,303.0
480291211163,sex_age_tot_m,787.0
480291212034,sex_age_tot_m,467.0
480291212033,sex_age_tot_m,623.0
480291817181,sex_age_tot_m,955.0
480291902005,sex_age_tot_m,852.0
480291902002,sex_age_tot_m,291.0
480291802024,sex_age_tot_m,260.0
480291802022,sex_age_tot_m,684.0
480291805014,sex_age_tot_m,550.0
480291808003,sex_age_tot_m,234.0
480291708001,sex_age_tot_m,433.0
480291106001,sex_age_tot_m,470.0
480291510002,sex_age_tot_m,472.0
480291510003,sex_age_tot_m,652.0
480291607021,sex_age_tot_m,483.0
480291607022,sex_age_tot_m,885.0
480291215083,sex_age_tot_m,421.0
480291216011,sex_age_tot_m,652.0
480291218022,sex_age_tot_m,1728.0
480291303004,sex_age_tot_m,522.0
480291303003,sex_age_tot_m,346.0
480291909014,sex_age_tot_m,385.0
480291809011,sex_age_tot_m,537.0
480291815043,sex_age_tot_m,206.0
480291816011,sex_age_tot_m,528.0
480291818093,sex_age_tot_m,707.0
480291821011,sex_age_tot_m,2076.0
480291906012,sex_age_tot_m,623.0
480291910042,sex_age_tot_m,881.0
480291212052,sex_age_tot_m,627.0
480291212064,sex_age_tot_m,622.0
480291212066,sex_age_tot_m,948.0
480291602001,sex_age_tot_m,427.0
480291817131,sex_age_tot_m,1296.0
480291815052,sex_age_tot_m,949.0
480291817041,sex_age_tot_m,853.0
480291817043,sex_age_tot_m,1082.0
480291907001,sex_age_tot_m,520.0
480291812003,sex_age_tot_m,659.0
480291511006,sex_age_tot_m,144.0
480291514003,sex_age_tot_m,946.0
480291909022,sex_age_tot_m,757.0
480291810011,sex_age_tot_m,849.0
480291821031,sex_age_tot_m,1354.0
480291901001,sex_age_tot_m,412.0
480291817033,sex_age_tot_m,1401.0
480291803004,sex_age_tot_m,372.0
480291313003,sex_age_tot_m,1153.0
480291313002,sex_age_tot_m,602.0
480291103001,sex_age_tot_m,706.0
480291206007,sex_age_tot_m,417.0
480291206004,sex_age_tot_m,595.0
480291206001,sex_age_tot_m,538.0
480291517005,sex_age_tot_m,671.0
480291517004,sex_age_tot_m,452.0
480291719031,sex_age_tot_m,802.0
480291717002,sex_age_tot_m,580.0
480291719033,sex_age_tot_m,889.0
480291509004,sex_age_tot_m,545.0
480291509003,sex_age_tot_m,711.0
480291705001,sex_age_tot_m,603.0
480291805041,sex_age_tot_m,854.0
480291205022,sex_age_tot_m,200.0
480291205021,sex_age_tot_m,837.0
480291207014,sex_age_tot_m,443.0
480291302001,sex_age_tot_m,517.0
480291410001,sex_age_tot_m,335.0
480291516005,sex_age_tot_m,343.0
480291516003,sex_age_tot_m,1289.0
480291817053,sex_age_tot_m,988.0
480291606002,sex_age_tot_m,801.0
480291419001,sex_age_tot_m,695.0
480291515001,sex_age_tot_m,378.0
480291603001,sex_age_tot_m,599.0
480291603004,sex_age_tot_m,503.0
480291613021,sex_age_tot_m,2061.0
480291804002,sex_age_tot_m,889.0
480291807011,sex_age_tot_m,725.0
480291811001,sex_age_tot_m,629.0
480291211082,sex_age_tot_m,1064.0
480291203004,sex_age_tot_m,425.0
480291203006,sex_age_tot_m,470.0
480291506002,sex_age_tot_m,657.0
480291506001,sex_age_tot_m,625.0
480291511002,sex_age_tot_m,921.0
480291105001,sex_age_tot_m,957.0
480291210002,sex_age_tot_m,476.0
480291210001,sex_age_tot_m,208.0
480291211101,sex_age_tot_m,1060.0
480291215063,sex_age_tot_m,603.0
480291315033,sex_age_tot_m,439.0
480291315043,sex_age_tot_m,925.0
480291315061,sex_age_tot_m,479.0
480291315072,sex_age_tot_m,439.0
480291316062,sex_age_tot_m,1466.0
480291316091,sex_age_tot_m,1249.0
480291316101,sex_age_tot_m,1642.0
480291316121,sex_age_tot_m,944.0
480291316141,sex_age_tot_m,1778.0
480291316152,sex_age_tot_m,1228.0
480291318011,sex_age_tot_m,701.0
480291318022,sex_age_tot_m,278.0
480291411012,sex_age_tot_m,725.0
480291522022,sex_age_tot_m,549.0
480291411022,sex_age_tot_m,294.0
480291414031,sex_age_tot_m,983.0
480291414042,sex_age_tot_m,1201.0
480291605013,sex_age_tot_m,651.0
480291605023,sex_age_tot_m,476.0
480291609012,sex_age_tot_m,439.0
480291609022,sex_age_tot_m,690.0
480291613031,sex_age_tot_m,1297.0
480291613042,sex_age_tot_m,1319.0
480291615032,sex_age_tot_m,764.0
480291615042,sex_age_tot_m,1635.0
480291618021,sex_age_tot_m,3158.0
480291619021,sex_age_tot_m,878.0
480291620031,sex_age_tot_m,1145.0
480291620041,sex_age_tot_m,895.0
480291713012,sex_age_tot_m,953.0
480291716012,sex_age_tot_m,371.0
480291716022,sex_age_tot_m,440.0
480291719122,sex_age_tot_m,1258.0
480291719141,sex_age_tot_m,642.0
480291719151,sex_age_tot_m,1090.0
480291719163,sex_age_tot_m,1461.0
480291719181,sex_age_tot_m,519.0
480291215044,sex_age_tot_m,1750.0
480291215064,sex_age_tot_m,573.0
480291216061,sex_age_tot_m,330.0
480291216064,sex_age_tot_m,348.0
480291217013,sex_age_tot_m,349.0
480291217022,sex_age_tot_m,442.0
480291218082,sex_age_tot_m,1286.0
480291218093,sex_age_tot_m,1037.0
480291218111,sex_age_tot_m,2099.0
480291218122,sex_age_tot_m,680.0
480291218131,sex_age_tot_m,895.0
480291219041,sex_age_tot_m,524.0
480291219052,sex_age_tot_m,1981.0
480291219071,sex_age_tot_m,664.0
480291211085,sex_age_tot_m,704.0
480291211191,sex_age_tot_m,238.0
480291211201,sex_age_tot_m,1640.0
480291207013,sex_age_tot_m,479.0
480291215043,sex_age_tot_m,968.0
480291503002,sex_age_tot_m,724.0
480291418003,sex_age_tot_m,1258.0
480291508001,sex_age_tot_m,670.0
480291712001,sex_age_tot_m,609.0
480291712002,sex_age_tot_m,683.0
480291512004,sex_age_tot_m,474.0
480291904002,sex_age_tot_m,1491.0
480291817121,sex_age_tot_m,1555.0
480291816024,sex_age_tot_m,1028.0
480291816022,sex_age_tot_m,692.0
480291314022,sex_age_tot_m,1189.0
480291719183,sex_age_tot_m,1176.0
480291719201,sex_age_tot_m,1797.0
480291719212,sex_age_tot_m,723.0
480291719231,sex_age_tot_m,660.0
480291719234,sex_age_tot_m,2198.0
480291719251,sex_age_tot_m,422.0
480291719253,sex_age_tot_m,2239.0
480291720023,sex_age_tot_m,2583.0
480291720041,sex_age_tot_m,1978.0
480291720061,sex_age_tot_m,1889.0
480291720071,sex_age_tot_m,2191.0
480291801011,sex_age_tot_m,683.0
480291714011,sex_age_tot_m,1182.0
480291714022,sex_age_tot_m,408.0
480291715012,sex_age_tot_m,702.0
480291715023,sex_age_tot_m,1258.0
480291917011,sex_age_tot_m,394.0
480291917022,sex_age_tot_m,816.0
480291918043,sex_age_tot_m,1050.0
480291918111,sex_age_tot_m,2197.0
480291918063,sex_age_tot_m,2896.0
480291918081,sex_age_tot_m,1525.0
480291918092,sex_age_tot_m,1112.0
480291918131,sex_age_tot_m,2274.0
480291817252,sex_age_tot_m,961.0
480291817263,sex_age_tot_m,1794.0
480291817281,sex_age_tot_m,3498.0
480291817301,sex_age_tot_m,434.0
480291817312,sex_age_tot_m,1288.0
480291818112,sex_age_tot_m,244.0
480291818132,sex_age_tot_m,1285.0
480291818142,sex_age_tot_m,1289.0
480291818161,sex_age_tot_m,664.0
480291818172,sex_age_tot_m,466.0
480291818183,sex_age_tot_m,1096.0
480291818201,sex_age_tot_m,1600.0
480291818212,sex_age_tot_m,1245.0
480291818223,sex_age_tot_m,1197.0
480291905032,sex_age_tot_m,514.0
480291905042,sex_age_tot_m,769.0
480291906041,sex_age_tot_m,794.0
480291910051,sex_age_tot_m,528.0
480291910062,sex_age_tot_m,638.0
480291801013,sex_age_tot_m,421.0
480291801016,sex_age_tot_m,222.0
480291806031,sex_age_tot_m,999.0
480291806043,sex_age_tot_m,369.0
480291807026,sex_age_tot_m,861.0
480291814031,sex_age_tot_m,1272.0
480291814041,sex_age_tot_m,2357.0
480291815044,sex_age_tot_m,515.0
480291817154,sex_age_tot_m,1107.0
480291820022,sex_age_tot_m,357.0
480291820031,sex_age_tot_m,1792.0
480291821013,sex_age_tot_m,1387.0
480291821051,sex_age_tot_m,1516.0
480291910065,sex_age_tot_m,291.0
480291912013,sex_age_tot_m,204.0
480291918141,sex_age_tot_m,1337.0
480291918152,sex_age_tot_m,1163.0
480291918171,sex_age_tot_m,5046.0
480291919002,sex_age_tot_m,636.0
480291919005,sex_age_tot_m,407.0
480291920003,sex_age_tot_m,840.0
480291921001,sex_age_tot_m,523.0
480291922002,sex_age_tot_m,437.0
